推文1,611779,66,63
推文2,611779,841,94
推文3,611779,5,0
推文4,611779,39,14
推文5,611779,105,28
推文6,611779,46,12
推文7,611779,8530,1001
推文8,611779,7506,619
推文9,611779,7447,126
推文10,611779,6655,150
推文11,611779,6549,182
推文12,611779,6522,312
推文13,611779,6485,144
推文14,611779,6446,184
推文15,611779,6373,193
推文16,611779,5761,702
推文17,611779,5726,1276
推文18,611779,5560,529
推文19,611779,5546,318
推文20,611779,5233,131
推文21,611779,5031,177
推文22,611779,4976,1047
推文23,611779,4918,214
推文24,611779,4809,335
推文25,611779,4724,48
推文26,611779,4609,15
推文27,611779,4556,265
推文28,611779,4454,305
推文29,611779,4337,165
推文30,611779,4226,205
推文31,611779,4168,222
推文32,611779,4074,281
推文33,611779,3950,788
推文34,611779,3949,185
推文35,611779,3754,399
推文36,611779,3740,240
推文37,611779,3616,65
推文38,611779,3587,240
推文39,611779,3586,314
推文40,611779,3542,117
推文41,611779,3510,81
推文42,611779,3487,559
推文43,611779,3468,181
推文44,611779,3459,175
推文45,611779,3457,249
推文46,611779,3417,240
推文47,611779,3380,216
推文48,611779,3369,699
推文49,611779,3291,409
推文50,611779,3265,266
推文51,611779,3245,206
推文52,611779,3113,392
推文53,611779,3092,312
推文54,611779,3070,369
推文55,611779,3008,190
推文56,611779,2959,172
推文57,611779,2850,127
推文58,611779,2844,164
推文59,611779,2776,126
推文60,611779,2736,198
推文61,611779,2726,303
推文62,611779,2673,236
推文63,611779,2660,81
推文64,611779,2647,108
推文65,611779,2644,132
推文66,611779,2628,88
推文67,611779,2627,80
推文68,611779,2580,50
推文69,611779,2573,89
推文70,611779,2558,116
推文71,611779,2554,240
推文72,611779,2511,170
推文73,611779,2502,126
推文74,611779,2471,571
推文75,611780,2457,633
推文76,611780,2451,100
推文77,611780,2442,122
推文78,611780,2431,190
推文79,611780,2427,211
推文80,611780,2416,128
推文81,611780,2400,310
推文82,611780,2351,562
推文83,611780,2343,60
推文84,611780,2322,366
推文85,611780,2320,96
推文86,611780,2310,65
推文87,611780,2289,75
推文88,611780,2278,297
推文89,611780,2260,107
推文90,611780,2258,108
推文91,611780,2257,446
推文92,611780,2250,151
推文93,611780,2237,112
推文94,611780,2224,118
推文95,611780,2204,764
推文96,611780,2199,22
推文97,611780,2194,217
推文98,611780,2175,240
推文99,611780,2166,67
推文100,611780,2152,261
推文101,611780,2145,55
推文102,611780,2130,788
推文103,611780,2117,46
推文104,611780,2087,154
推文105,611780,2086,62
推文106,611780,2083,67
推文107,611780,2029,76
推文108,611780,2015,30
推文109,611780,1997,237
推文110,611780,1990,315
推文111,611780,1967,73
推文112,611780,1962,21
推文113,611780,1958,399
推文114,611780,1956,232
推文115,611780,1942,542
推文116,611780,1938,256
推文117,611781,1934,76
推文118,611781,1928,62
推文119,611781,1928,74
推文120,611781,1926,45
推文121,611781,1924,704
推文122,611781,1913,57
推文123,611781,1887,51
推文124,611781,1883,331
推文125,611781,1883,368
推文126,611781,1873,81
推文127,611781,1867,71
推文128,611781,1866,117
推文129,611781,1860,35
推文130,611781,1853,791
推文131,611781,1846,35
推文132,611781,1835,197
推文133,611781,1829,266
推文134,611781,1824,244
推文135,611781,1821,131
推文136,611781,1803,181
推文137,611781,1803,121
推文138,611781,1802,406
推文139,611781,1797,72
推文140,611781,1791,276
推文141,611781,1779,97
推文142,611781,1779,197
推文143,611781,1775,280
推文144,611781,1773,49
推文145,611781,1768,65
推文146,611781,1758,60
推文147,611781,1736,1158
推文148,611781,1732,556
推文149,611781,1729,166
推文150,611781,1729,806
推文151,611781,1728,68
推文152,611781,1725,414
推文153,611781,1723,52
推文154,611781,1716,574
推文155,611781,1716,64
推文156,611781,1707,25
推文157,611781,1696,80
推文158,611781,1683,157
推文159,611781,1681,99
推文160,611781,1680,31
推文161,611781,1674,195
推文162,611781,1671,111
推文163,611781,1656,41
推文164,611781,1652,258
推文165,611781,1650,137
推文166,611781,1642,65
推文167,611781,1634,247
推文168,611781,1626,119
推文169,611781,1621,49
推文170,611781,1618,87
推文171,611781,1615,258
推文172,611781,1609,1306
推文173,611781,1597,153
推文174,611781,1593,116
推文175,611781,1588,103
推文176,611781,1585,100
推文177,611781,1580,84
推文178,611781,1573,138
推文179,611781,1569,86
推文180,611781,1568,65
推文181,611781,1566,485
推文182,611781,1562,73
推文183,611781,1555,434
推文184,611781,1552,161
推文185,611781,1540,84
推文186,611781,1538,991
推文187,611781,1534,74
推文188,611781,1532,42
推文189,1124967,2,110
推文190,1124967,4434,9889
推文191,1124975,1057,26
推文192,1124975,1598,48
推文193,1124975,17,240
推文194,1124975,9,867
推文195,1124976,2372,129
推文196,1124976,8166,66
推文197,1124976,3,1
推文198,1124976,3233,90
推文199,1124976,7481,267
推文200,1124976,565,23
推文201,1124977,598,14
推文202,1124977,7439,51
推文203,1124977,39,4
推文204,1124977,0,9
推文205,1124977,1444,47
推文206,1124977,1023,17
推文207,1124978,6633,67
推文208,1124978,3191,24
推文209,1124978,809,73
推文210,1124978,21,5
推文211,1124978,1204,259
推文212,1124978,181,19
推文213,1124978,6418,515
推文214,1124978,5,6
推文215,1124978,159,7
推文216,1124978,6276,70
推文217,1124979,829,180
推文218,1124981,2,12
推文219,1124981,37,1
推文220,1124981,1245,12
推文221,1124981,5719,267
推文222,1124982,5668,72
推文223,1124982,352,5
推文224,1124982,113,25
推文225,1124982,2345,114
推文226,1124982,5646,168
推文227,1124982,5470,407
推文228,1124982,2205,165
推文229,1124982,370,18
推文230,1124982,260,128
推文231,1124983,1443,17
推文232,1124983,1275,37
推文233,1124983,303,29
推文234,1124983,102,28
推文235,1124983,5414,290
推文236,1124983,1152,39
推文237,1124983,5306,185
推文238,1124983,729,31
推文239,1124983,5162,94
推文240,1124983,84,65
推文241,1124983,252,2
推文242,1124983,1707,140
推文243,1124983,208,9
推文244,1124983,0,9
推文245,1124983,4728,150
推文246,1124983,4597,536
推文247,1124983,102,6
推文248,1124983,4497,306
推文249,1124983,4434,9895
推文250,1124991,2868,38
推文251,1124991,1272,55
推文252,1124991,114,4
推文253,1124991,4166,397
推文254,1124991,4107,60
推文255,1124991,64,1
推文256,1124991,2526,86
推文257,1124992,4096,102
推文258,1124992,13,4
推文259,1124992,0,2
推文260,1124992,4000,283
推文261,1124992,3939,708
推文262,338389,3151,724
推文263,1124993,1670,53
推文264,1124993,3922,197
推文265,1124993,3904,40
推文266,1124993,0,33
推文267,1124993,3770,177
推文268,1124993,201,14
推文269,1124993,4,6
推文270,1124993,3751,212
推文271,1124994,77,15
推文272,1124994,53,3
推文273,1124994,58,4
推文274,1124994,4,2
推文275,1124994,86,4
推文276,1124994,3675,35
推文277,1124994,3484,176
推文278,1124994,3453,390
推文279,1124994,506,41
推文280,1124994,3410,66
推文281,1124994,3297,101
推文282,1124994,732,395
推文283,1124994,3277,27
推文284,1124994,7,4
推文285,1124994,3273,937
推文286,1124995,3254,55
推文287,1124995,1598,48
推文288,1124995,3133,197
推文289,1124995,140,15
推文290,1124995,1730,47
推文291,1124995,3002,50
推文292,1124995,2957,89
推文293,1124996,410,23
推文294,1124998,2935,29
推文295,1124998,40,8
推文296,1124998,2884,81
推文297,1124998,2872,33
推文298,1124998,62,27
推文299,1124999,2823,142
推文300,1124999,2774,179
推文301,1124999,2728,31
推文302,1125000,2726,52
推文303,1125000,2645,31
推文304,1125001,148,15
推文305,1125001,2640,41
推文306,1125001,414,13
推文307,1125001,0,2
推文308,1125001,144,46
推文309,1125002,189,6
推文310,1125002,81,49
推文311,1125002,16,2
推文312,1125002,2636,433
推文313,1125002,2624,31
推文314,1125002,98,8
推文315,1125002,1200,227
推文316,1125003,2597,228
推文317,1125003,0,2
推文318,1125003,9,6
推文319,1125003,128,19
推文320,1125003,2576,185
推文321,1125003,69,7
推文322,1125003,2491,48
推文323,1125003,2479,132
推文324,1125003,2473,148
推文325,1125003,770,12
推文326,1125003,2420,29
推文327,1125003,2370,20
推文328,1125003,154,15
推文329,1125004,1180,256
推文330,1125003,2326,34
推文331,1125003,3,11
推文332,1125003,211,2
推文333,1125003,257,22
推文334,1125003,159,18
推文335,1125004,279,17
推文336,1125004,70,6
推文337,1125004,2319,100
推文338,1125004,2155,41
推文339,1125004,1083,14
推文340,1125004,2126,220
推文341,1125006,56,1
推文342,1125006,47,4
推文343,1125006,2101,136
推文344,1125006,2076,46
推文345,1125007,2058,25
推文346,1125007,0,39
推文347,1125007,2011,276
推文348,1125007,1974,23
推文349,1125007,1957,20
推文350,1125007,1953,58
推文351,1125007,8,5
推文352,1125007,14639,200
推文353,1125007,1949,77
推文354,1125007,373,46
推文355,1125007,1942,28
推文356,1125008,632,17
推文357,1125008,72,98
推文358,1125008,1936,169
推文359,1125008,4,3
推文360,1125008,297,28
推文361,1125008,2,115
推文362,1125008,1876,61
推文363,1125007,0,37
推文364,1125007,1829,98
推文365,1125008,128,11
推文366,1125008,66,3
推文367,1125008,1808,67
推文368,1125009,1796,40
推文369,1125009,332,42
推文370,1125009,1774,47
推文371,1125009,1735,24
推文372,1125010,33,1
推文373,1125010,1731,34
推文374,1125010,81,4
推文375,1125010,1722,100
推文376,1125010,1687,18
推文377,1125010,1603,406
推文378,1125010,67,2
推文379,1125010,112,26
推文380,1125010,21,2
推文381,309,24,0
推文382,1125010,1601,121
推文383,1125011,0,17
推文384,1125012,1597,48
推文385,1125012,806,34
推文386,1125012,1572,56
推文387,1125012,20,1
推文388,1125012,1553,129
推文389,1125013,1490,231
推文390,1125013,1429,51
推文391,1125013,1411,27
推文392,1125013,18,29
推文393,1125013,49,1
推文394,1125014,1391,94
推文395,1125014,1376,59
推文396,1125014,1363,12
推文397,3612134,6,116
推文398,3612133,9,11
推文399,3612133,4,323
推文400,3612133,4110,342
推文401,3612133,12583,188
推文402,3612133,6,1
推文403,3612133,590,156
推文404,3612133,10358,205
推文405,3612133,898,10
推文406,3612134,1804,110
推文407,3612134,9572,311
推文408,3612134,4,0
推文409,3612134,3400,98
推文410,3612134,8252,332
推文411,3612133,1041,63
推文412,3612133,793,117
推文413,3612133,7136,72
推文414,3612133,1168,15
推文415,3612133,6669,79
推文416,3612133,1176,31
推文417,3612133,168,7
推文418,3612133,314,61
推文419,3612134,2,3
推文420,3612134,1371,66
推文421,3612134,115,0
推文422,3612134,5988,355
推文423,3612134,1567,34
推文424,3612134,5448,325
推文425,3612134,9,7
推文426,3612134,811,61
推文427,3612134,18,11
推文428,3612134,5360,72
推文429,3612134,4738,1637
推文430,3612134,4676,132
推文431,3612134,7,1
推文432,3612134,1763,26
推文433,3612135,12,0
推文434,3612135,1013,16
推文435,3612135,4632,80
推文436,3612135,1,5
推文437,3612135,4608,113
推文438,3612135,754,81
推文439,3612135,1841,56
推文440,3612136,4551,68
推文441,3612136,4457,118
推文442,3612136,180,56
推文443,3612136,216,5
推文444,3612136,30,0
推文445,3612136,768,57
推文446,3612136,165,10
推文447,3612136,4418,122
推文448,3612136,197,10
推文449,3612136,3833,333
推文450,3612136,277,14
推文451,3612136,48,25
推文452,3612136,48,11
推文453,3612137,706,258
推文454,3612138,3751,65
推文455,3612138,0,4
推文456,3612138,194,112
推文457,3612138,3718,81
推文458,3612138,1866,43
推文459,3612138,3567,467
推文460,3612138,3528,105
推文461,3612139,542,25
推文462,3612139,3498,279
推文463,3612139,96,68
推文464,3612139,3490,107
推文465,3612139,42,0
推文466,3612140,1,2
推文467,3612140,1610,56
推文468,3612140,41,38
推文469,3612140,676,51
推文470,3612140,3449,610
推文471,3612140,3403,69
推文472,3612140,150,11
推文473,3612140,51,3
推文474,3612140,3196,66
推文475,3612140,466,67
推文476,3612140,3080,155
推文477,3612141,41,4
推文478,3612141,3013,222
推文479,3612141,57,3
推文480,3612141,0,15
推文481,3612141,3010,135
推文482,3612141,2975,134
推文483,3612142,2958,14
推文484,3612142,2925,47
推文485,3612142,830,9
推文486,3612142,2794,19
推文487,3612142,2790,374
推文488,3612142,2782,112
推文489,3612142,88,12
推文490,3612142,32,1
推文491,3612142,198,14
推文492,3612142,2713,42
推文493,3612142,2677,44
推文494,3612142,87,0
推文495,3612142,156,6
推文496,3612141,394,17
推文497,3612142,2505,150
推文498,3612142,0,32
推文499,3612142,2490,661
推文500,3612142,2444,158
推文501,3612142,165,25
推文502,3612142,56,3
推文503,3612143,122,48
推文504,3612143,261,18
推文505,3612144,0,4
推文506,3612145,2438,87
推文507,3612145,37,0
推文508,3612145,2395,47
推文509,3612145,209,73
推文510,3612145,0,5
推文511,3612145,0,11
推文512,3612145,2354,65
推文513,3612145,521,30
推文514,3612145,0,9
推文515,3612146,726,67
推文516,3612146,34,7
推文517,3612147,49,6
推文518,3612147,2316,54
推文519,3612147,0,4
推文520,3612147,2282,42
推文521,3612148,2241,53
推文522,3612149,83,2
推文523,3612149,29,2
推文524,3612149,2205,62
推文525,3612149,8,0
推文526,3612150,0,17
推文527,3612150,2178,247
推文528,3612150,76,3
推文529,3612150,436,24
推文530,3612150,410,70
推文531,3612150,2174,265
推文532,3612151,0,0
推文533,3612153,180,39
推文534,3612153,2156,31
推文535,3612153,1969,74
推文536,3612153,1924,37
推文537,3612154,91,20
推文538,3612154,50,34
推文539,3612154,3,14
推文540,3612154,500,33
推文541,3612155,24,26
推文542,3612155,1892,91
推文543,3612155,118,15
推文544,3612155,73,32
推文545,3612155,432,18
推文546,3612155,33,0
推文547,3612155,53,9
推文548,3612155,1882,70
推文549,3612155,1869,51
推文550,3612155,1822,104
推文551,3612155,1808,44
推文552,3612155,129,4
推文553,3612155,24,0
推文554,3612155,324,31
推文555,3612155,1786,128
推文556,3612155,1587,21
推文557,3612155,1558,33
推文558,3612155,1543,46
推文559,3612158,175,77
推文560,3612158,1501,18
推文561,3612158,1472,23
推文562,3612158,20,0
推文563,3612158,52,5
推文564,3612158,5,2
推文565,3612158,59,21
推文566,3612158,17,0
推文567,3612158,1428,81
推文568,3612158,31,2
推文569,3612159,1411,9
推文570,3612159,1396,4
推文571,3612159,439,6
推文572,3612160,1378,341
推文573,3612160,1240,719
推文574,3612160,35,2
推文575,3612160,1227,35
推文576,3612160,480,79
推文577,3612161,1218,206
推文578,3612161,135,16
推文579,3612161,1176,14
推文580,3612162,1085,37
推文581,3612162,1057,86
推文582,3612162,25,0
推文583,3612162,1038,53
推文584,3612162,1028,39
推文585,3612162,53,4
推文586,3612162,216,11
推文587,3612161,36,1
推文588,3612161,9,4
推文589,3612162,1007,39
推文590,3612162,1004,273
推文591,3612162,990,332
推文592,3612162,12,3
推文593,3612162,972,65
推文594,3612162,78,2
推文595,3612162,949,41
推文596,3612162,38,6
推文597,3612162,947,74
推文598,3612162,95,263
推文599,3612162,5,4
推文600,76115,287,564
推文601,76115,4,2
推文602,76115,843,57
推文603,76115,5,6
推文604,76115,154,10
推文605,22323847,764,11
推文606,76115,295,53
推文607,76115,142,13
推文608,76115,220,5
推文609,76115,4,3
推文610,76115,140,19
推文611,76115,215,11
推文612,76115,209,49
推文613,76115,37,1
推文614,931173,59264,520
推文615,76115,163,43
推文616,76115,159,66
推文617,76115,12,13
推文618,76115,141,18
推文619,76115,131,64
推文620,76115,131,5
推文621,3972479,27895,876
推文622,76115,34,1
推文623,76115,30,7
推文624,76115,110,38
推文625,76115,88,11
推文626,3972479,25554,782
推文627,76115,15,44
推文628,76115,80,6
推文629,76115,79,3
推文630,76115,17,18
推文631,76115,60,12
推文632,76115,0,19
推文633,76115,7,9
推文634,76115,2,0
推文635,76115,55,2
推文636,76115,38,62
推文637,76115,20,5
推文638,76115,143,37
推文639,76115,54,103
推文640,76115,38,45
推文641,76115,38,23
推文642,76115,18,10
推文643,76115,39,12
推文644,76115,5,18
推文645,76115,198,96
推文646,76115,49,0
推文647,76115,443,24
推文648,76115,18,13
推文649,76115,162,16
推文650,76115,17,9
推文651,76115,384,51
推文652,76115,23,13
推文653,76115,0,27
推文654,76115,13,35
推文655,76115,3,18
推文656,76115,11,35
推文657,76115,8,11
推文658,76115,8,3
推文659,76115,56,17
推文660,76115,4,0
推文661,76115,20,29
推文662,76115,7,10
推文663,76115,543,67
推文664,76115,34,5
推文665,76115,0,7
推文666,35849,20,32
推文667,76115,7,9
推文668,76115,80,20
推文669,76115,6,2
推文670,76115,6,16
推文671,76115,125,138
推文672,76115,42,4
推文673,76115,375,7
推文674,8217494,11913,158
推文675,76115,6,3
推文676,76115,252,22
推文677,3052012,19069,154
推文678,76115,1,5
推文679,76115,345,166
推文680,76115,0,251
推文681,76115,7,3
推文682,65250,339,49
推文683,76115,117,44
推文684,76115,89,10
推文685,181491,2578,156
推文686,76115,405,77
推文687,76115,261,19
推文688,76115,28,14
推文689,76115,403,90
推文690,76115,50,7
推文691,76115,0,5
推文692,76115,15,0
推文693,76115,5,2
推文694,76115,188,37
推文695,76115,21,20
推文696,76115,81,74
推文697,76115,99,29
推文698,19792884,18830,1478
推文699,76115,248,117
推文700,76115,31,35
推文701,76115,17,31
推文702,76115,166,45
推文703,453115,4709,867
推文704,76115,3,4
推文705,76115,83,34
推文706,76115,76,52
推文707,76115,4,2
推文708,76115,68,19
推文709,76115,18,17
推文710,76115,214,42
推文711,76115,254,105
推文712,76115,1,10
推文713,76115,72,7
推文714,76115,44,26
推文715,76115,0,1
推文716,76115,18,1
推文717,3152883,264,36
推文718,76115,147,18
推文719,76115,181,39
推文720,13902071,57436,1104
推文721,76115,127,57
推文722,76115,254,8
推文723,3972479,7056,53
推文724,76115,0,8
推文725,76115,0,42
推文726,76115,11,44
推文727,76115,11,16
推文728,76115,2,12
推文729,76115,26,36
推文730,76115,18,0
推文731,76115,14,11
推文732,76115,64,12
推文733,76115,11,5
推文734,76115,30,18
推文735,76115,29,13
推文736,76115,455,71
推文737,76115,98,8
推文738,76115,62,13
推文739,76115,58,8
推文740,76115,6,4
推文741,76115,13,6
推文742,76115,29,24
推文743,76115,117,7
推文744,76115,9,0
推文745,76115,292,70
推文746,76115,505,14
推文747,76115,134,6
推文748,76115,0,19
推文749,76115,11,1
推文750,3972479,19645,262
推文751,76115,164,15
推文752,76115,144,5
推文753,3972479,14849,105
推文754,76115,1,2
推文755,76115,20,29
推文756,76115,11,3
推文757,76115,1,14
推文758,76115,10,2
推文759,76115,4,16
推文760,76115,7,17
推文761,76115,2,8
推文762,76115,2,11
推文763,76115,0,42
推文764,76115,28,4
推文765,76115,3,4
推文766,76115,0,7
推文767,76115,107,26
推文768,76115,54,4
推文769,76115,3,7
推文770,76115,9,19
推文771,76115,18,13
推文772,76115,33,31
推文773,76115,8,29
推文774,76115,0,30
推文775,76115,167,26
推文776,76115,67,80
推文777,76115,20,4
推文778,76115,10,1
推文779,76115,3,8
推文780,76115,15,3
推文781,76115,0,16
推文782,76115,4,1
推文783,76115,30,30
推文784,76115,32,17
推文785,76115,15,35
推文786,76115,1,20
推文787,76115,186,40
推文788,76115,21,52
推文789,76115,41,35
推文790,76115,30,6
推文791,76115,99,6
推文792,1288218,727,70
推文793,76115,597,23
推文794,76115,22,13
推文795,76115,45,4
推文796,76115,4,4
推文797,76115,85,38
推文798,76115,31,5
推文799,76115,4,0
推文800,76115,20,25
推文801,76115,2,2
推文802,76115,70,19
推文803,76115,19,22
推文804,76115,380,39
推文805,76115,9,12
推文806,76115,97,19
推文807,76115,30,14
推文808,76115,0,1
推文809,76115,0,29
推文810,76115,2,1
推文811,76115,175,27
推文812,76115,59,30
推文813,76115,122,42
推文814,76115,2,10
推文815,76115,0,10
推文816,76115,6,0
推文817,76115,34,6
推文818,76115,0,12
推文819,3090,3,9
推文820,3090,9,21
推文821,3090,9,28
推文822,3090,2,2
推文823,3090,7,7
推文824,3090,4,5
推文825,3090,4,13
推文826,3090,4,9
推文827,3090,4,23
推文828,3090,2,1
推文829,3090,5,6
推文830,3090,3,2
推文831,3090,3,2
推文832,3090,6,6
推文833,3090,2,3
推文834,3090,2,6
推文835,3090,14,1
推文836,3090,48,23
推文837,3090,7,18
推文838,3090,0,3
推文839,3090,6,6
推文840,3090,4,13
推文841,3090,14,6
推文842,3090,2,3
推文843,3090,6,8
推文844,3090,3,3
推文845,3090,10,2
推文846,3090,2,8
推文847,3090,5,14
推文848,3090,15,25
推文849,3090,13,4
推文850,36,5,2
推文851,3090,8,9
推文852,3090,6,1
推文853,3090,7,6
推文854,3090,4,5
推文855,3090,3,7
推文856,3090,6,5
推文857,3090,3,1
推文858,3090,2,7
推文859,3090,6,2
推文860,3090,5,5
推文861,3090,2,6
推文862,3090,3,6
推文863,3090,6,11
推文864,3090,4,5
推文865,3090,5,3
推文866,3090,5,3
推文867,3090,6,22
推文868,3090,5,1
推文869,3090,12,19
推文870,3090,7,3
推文871,3090,13,2
推文872,3090,24,14
推文873,3090,5,2
推文874,3090,3,13
推文875,3090,4,3
推文876,3090,30,33
推文877,3090,5,4
推文878,3090,17,31
推文879,3090,9,37
推文880,3090,2,3
推文881,3090,15,5
推文882,3090,20,8
推文883,3090,11,18
推文884,3090,9,7
推文885,3090,4,2
推文886,3090,3,7
推文887,3090,0,6
推文888,3090,10,7
推文889,3090,4,5
推文890,3090,2,3
推文891,3090,6,8
推文892,3090,1,2
推文893,3090,3,2
推文894,3090,8,3
推文895,3090,0,20
推文896,3090,8,11
推文897,3090,4,5
推文898,3090,7,6
推文899,3090,10,10
推文900,3090,30,8
推文901,161887,153,56
推文902,3090,5,4
推文903,3090,9,6
推文904,3090,12,14
推文905,3090,2,2
推文906,3090,3,13
推文907,3090,5,14
推文908,3090,6,2
推文909,3090,2,9
推文910,3090,13,12
推文911,3090,7,5
推文912,3090,4,22
推文913,3090,5,5
推文914,3090,30,25
推文915,3090,7,9
推文916,3090,6,15
推文917,3090,3,0
推文918,3090,2,9
推文919,3090,12,8
推文920,3090,8,1
推文921,3090,10,17
推文922,3090,1,3
推文923,3090,29,22
推文924,3090,5,13
推文925,3090,4,6
推文926,3090,4,7
推文927,3090,7,6
推文928,3090,3,1
推文929,3090,4,2
推文930,3090,5,8
推文931,3090,5,9
推文932,3090,25,13
推文933,3090,8,2
推文934,3090,10,26
推文935,3090,4,8
推文936,3090,1,3
推文937,3090,10,9
推文938,3090,3,12
推文939,3090,14,16
推文940,3090,2,2
推文941,3090,2,2
推文942,3090,4,1
推文943,3090,5,8
推文944,3090,1,1
推文945,3090,5,6
推文946,3090,5,5
推文947,3090,7,9
推文948,3090,7,12
推文949,3090,3,11
推文950,3090,3,0
推文951,3090,3,32
推文952,3090,5,2
推文953,3090,8,20
推文954,3090,3,3
推文955,3090,3,4
推文956,3090,3,5
推文957,3090,4,0
推文958,3090,7,2
推文959,3090,6,6
推文960,3090,0,2
推文961,3090,8,3
推文962,3090,10,0
推文963,3090,6,7
推文964,3090,7,6
推文965,3090,2,0
推文966,3090,8,11
推文967,3090,16,9
推文968,3090,3,4
推文969,3090,4,6
推文970,3090,8,9
推文971,3090,11,18
推文972,3090,4,17
推文973,3090,7,4
推文974,3090,10,14
推文975,3090,9,5
推文976,3090,10,8
推文977,3090,5,4
推文978,3090,5,17
推文979,3090,11,26
推文980,3090,1,4
推文981,3090,4,1
推文982,3090,1,2
推文983,3090,7,14
推文984,0,1,0
推文985,3090,2,5
推文986,3090,4,28
推文987,3090,6,6
推文988,3090,7,5
推文989,3090,2,13
推文990,3090,10,18
推文991,3090,15,6
推文992,3090,4,10
推文993,3090,12,5
推文994,3090,3,6
推文995,3090,6,3
推文996,3090,1,1
推文997,3090,6,44
推文998,3090,3,4
推文999,3090,10,0
推文1000,3090,4,1
推文1001,3090,2,0
推文1002,3090,9,4
推文1003,3090,4,1
推文1004,3090,7,18
推文1005,3090,4,10
推文1006,3090,6,18
推文1007,3090,9,9
推文1008,3090,3,13
推文1009,3090,5,3
推文1010,3090,4,0
推文1011,3090,7,5
推文1012,3090,3,5
推文1013,3090,8,8
推文1014,3090,31,15
推文1015,3090,4,1
推文1016,3090,4,1
推文1017,3090,18,8
推文1018,3090,12,10
推文1019,3090,16,9
推文1020,3090,14,0
推文1021,3090,4,2
推文1022,3090,7,14
推文1023,82454,58,63
推文1024,11626745,109,45
推文1025,76116,8,9
推文1026,76116,34,20
推文1027,76116,20,14
推文1028,267703,22,19
推文1029,4384871,33,28
推文1030,76116,58,22
推文1031,267703,0,48
推文1032,76116,26,12
推文1033,76116,24,49
推文1034,76116,20,31
推文1035,35364908,59,125
推文1036,267703,0,12
推文1037,1148812,48,44
推文1038,260462,1313,140
推文1039,76116,21,25
推文1040,35364917,169,516
推文1041,40457034,9583,349
推文1042,76116,29,20
推文1043,18890540,695,45
推文1044,75882,101,61
推文1045,605078,1033,105
推文1046,76116,16,22
推文1047,410495,176,393
推文1048,45605,5,16
推文1049,18890541,2922,94
推文1050,4384873,29,8
推文1051,785191,699,64
推文1052,76116,6,5
推文1053,23221744,2288,772
推文1054,4384873,880,430
推文1055,319714,314,71
推文1056,35364950,1519,101
推文1057,91200,17,10
推文1058,80767,98,76
推文1059,66274,161,3
推文1060,1837525,0,6
推文1061,76116,6,6
推文1062,4384873,814,202
推文1063,854378,2652,349
推文1064,127558,666,23
推文1065,854378,0,21
推文1066,854378,1282,398
推文1067,854378,108,89
推文1068,112228,1962,238
推文1069,323193,3806,165
推文1070,112228,1402,125
推文1071,27058,91,40
推文1072,112228,1220,63
推文1073,854378,0,22
推文1074,854378,1980,178
推文1075,854378,703,221
推文1076,17481,16,38
推文1077,854378,2601,409
推文1078,854378,194,29
推文1079,611769,335,50
推文1080,611769,611,74
推文1081,854378,0,48
推文1082,854378,2912,1817
推文1083,127558,499,43
推文1084,112229,1361,153
推文1085,538825,21,18
推文1086,854378,0,9
推文1087,854378,2118,71
推文1088,854378,850,38
推文1089,101519,120,84
推文1090,112229,1341,63
推文1091,127558,115,26
推文1092,854378,390,24
推文1093,854378,4046,195
推文1094,854378,1637,303
推文1095,854378,2450,199
推文1096,854378,27,30
推文1097,35365091,664,83
推文1098,854378,2072,179
推文1099,854378,2,7
推文1100,112229,1067,180
推文1101,854379,1858,156
推文1102,854379,2026,306
推文1103,854379,0,11
推文1104,1148812,148,106
推文1105,854379,3411,127
推文1106,854379,1139,404
推文1107,854379,2919,149
推文1108,854379,0,9
推文1109,854379,1476,176
推文1110,611770,128,25
推文1111,1148812,0,20
推文1112,127558,146,9
推文1113,611770,63,15
推文1114,942,22,44
推文1115,35365125,90,194
推文1116,1148812,413,136
推文1117,1148812,50,45
推文1118,854379,2105,303
推文1119,0,0,0
推文1120,32010,21,159
推文1121,82456,97,21
推文1122,854379,522,558
推文1123,854379,2357,575
推文1124,611770,264,78
推文1125,656665,0,43
推文1126,854379,1500,222
推文1127,112230,459,71
推文1128,854379,1152,294
推文1129,139199,31,5
推文1130,854379,0,34
推文1131,611770,96,22
推文1132,1148812,151,99
推文1133,161893,4,21
推文1134,84508,95,48
推文1135,48824,230,228
推文1136,48824,125,154
推文1137,84508,61,92
推文1138,48824,641,72
推文1139,101521,31,80
推文1140,84508,0,75
推文1141,147560,100,56
推文1142,128871,804,66
推文1143,761,281,34
推文1144,161893,197,74
推文1145,48824,104,148
推文1146,84508,88,72
推文1147,48824,358,227
推文1148,48824,638,48
推文1149,48824,1036,41
推文1150,101521,107,132
推文1151,48824,287,109
推文1152,84508,77,76
推文1153,48824,582,117
推文1154,84508,51,77
推文1155,48824,232,96
推文1156,101521,11,43
推文1157,7789,107,103
推文1158,84508,87,85
推文1159,48824,610,65
推文1160,101521,26,47
推文1161,48824,213,230
推文1162,48824,77,112
推文1163,101521,517,68
推文1164,84508,22,34
推文1165,84508,59,67
推文1166,101521,77,47
推文1167,161893,708,31
推文1168,48824,3019,95
推文1169,48824,880,31
推文1170,161893,353,60
推文1171,48824,176,77
推文1172,84508,32,60
推文1173,84508,25,25
推文1174,48824,756,206
推文1175,101521,96,119
推文1176,101521,941,303
推文1177,48824,2343,80
推文1178,9663,21,27
推文1179,147560,116,104
推文1180,84509,951,23
推文1181,84509,779,38
推文1182,84509,16,38
推文1183,48824,237,122
推文1184,48824,271,86
推文1185,84509,0,51
推文1186,48824,158,90
推文1187,48824,536,28
推文1188,147560,19,21
推文1189,101521,24,93
推文1190,101521,23,67
推文1191,48824,267,75
推文1192,84509,112,147
推文1193,101521,53,68
推文1194,101521,42,55
推文1195,84509,63,92
推文1196,48824,468,51
推文1197,48824,572,46
推文1198,48824,435,27
推文1199,48824,125,193
推文1200,84509,6,21
推文1201,68445,65,15
推文1202,101521,82,59
推文1203,48824,3019,95
推文1204,84509,404,120
推文1205,7790,10,16
推文1206,84509,39,22
推文1207,101521,13,36
推文1208,42798,4,10
推文1209,7790,10,17
推文1210,1951,12,17
推文1211,42798,19,21
推文1212,101521,5,10
推文1213,42798,17,10
推文1214,101521,25,74
推文1215,9663,25,3
推文1216,101521,3,9
推文1217,101521,13,36
推文1218,48824,6,22
推文1219,9663,6,12
推文1220,101521,75,156
推文1221,101521,7,6
推文1222,101521,0,34
推文1223,26309545,196,36
推文1224,7790,86,17
推文1225,7790,61,9
推文1226,101521,7,28
推文1227,101521,49,20
推文1228,101521,93,10
推文1229,35365406,12,24
推文1230,101521,111,62
推文1231,42797,34,53
推文1232,42797,14,23
推文1233,101521,17,19
推文1234,101521,31,13
推文1235,101521,56,29
推文1236,101521,10,9
推文1237,101521,15,12
推文1238,101521,21,17
推文1239,1951,30,5
推文1240,3789890,2,5
推文1241,101521,20,43
推文1242,1148815,19,6
推文1243,101521,7,18
推文1244,42797,62,22
推文1245,7790,6,6
推文1246,70,1,0
推文1247,101521,11,10
推文1248,1399687,2883,32
推文1249,26309560,11360,802
推文1250,1951,23,13
推文1251,1331831,2,19
推文1252,147561,0,5
推文1253,70,1,0
推文1254,7790,18,7
推文1255,7790,44,11
推文1256,147561,1,6
推文1257,333959,3,4
推文1258,21723,7,5
推文1259,101521,8,36
推文1260,101521,17,6
推文1261,147561,4,10
推文1262,101521,31,57
推文1263,101521,15,5
推文1264,1148815,28,5
推文1265,101521,3,2
推文1266,101521,6,7
推文1267,101521,41,43
推文1268,8451,4,11
推文1269,101521,7,19
推文1270,101521,7,10
推文1271,787,1,0
推文1272,101521,39,10
推文1273,787,1,0
